"MEMBER_GUID","FIRST_NAME","LAST_NAME","DOB"
"e4c7401b-cf66-11ee-8534-e00af6801390","Jonie","Ibarra","2006-04-27"
"e4c7401c-cf66-11ee-9e76-e00af6801390","Aubrette","Brown","1992-01-21"
"e4c7401d-cf66-11ee-87de-e00af6801390","Jeniece","Goodwin","1964-06-09"
"e4c7401e-cf66-11ee-9bb2-e00af6801390","Isabel","Richmond","2006-02-06"
"e4c7401f-cf66-11ee-b722-e00af6801390","Kathrine","Garrison","2001-11-14"
"e4c7672a-cf66-11ee-a727-e00af6801390","Collen","Ward","2005-12-26"
"e4c7672b-cf66-11ee-9d39-e00af6801390","Elfie","Donovan","1993-01-12"
"e4c7672c-cf66-11ee-9dba-e00af6801390","Rhodia","Mckinney","1983-11-26"
"e4c7672d-cf66-11ee-915c-e00af6801390","Bambi","Reed","1992-01-09"
"e4c7672e-cf66-11ee-9555-e00af6801390","Brittani","Moore","1983-11-03"
"e4c7672f-cf66-11ee-9ca1-e00af6801390","Judith","Buckley","1995-11-03"
"e4c76730-cf66-11ee-8039-e00af6801390","Emilie","Carey","1979-06-13"
"e4c76731-cf66-11ee-84bd-e00af6801390","Ursala","Eaton","1971-12-20"
"e4c76732-cf66-11ee-a981-e00af6801390","Bea","Rose","1966-11-08"
"e4c76733-cf66-11ee-afbd-e00af6801390","Daune","Trevino","2003-05-12"
"e4c76734-cf66-11ee-83bc-e00af6801390","Pavla","Rios","1993-08-13"
"e4c76735-cf66-11ee-8fac-e00af6801390","Lenna","Richards","1971-05-13"
"e4c76736-cf66-11ee-8f1d-e00af6801390","Austine","Newman","1980-09-09"
"e4c76737-cf66-11ee-a47c-e00af6801390","Brett","Ochoa","1981-02-04"
"e4c76738-cf66-11ee-8e87-e00af6801390","Cathe","Reeves","1984-03-01"
"e4c76739-cf66-11ee-ab4c-e00af6801390","Perrine","Hansen","1971-09-23"
"e4c7673a-cf66-11ee-970e-e00af6801390","Glen","Velazquez","2004-10-16"
"e4c7673b-cf66-11ee-856d-e00af6801390","Joli","Short","1968-05-21"
"e4c7673c-cf66-11ee-bb40-e00af6801390","Ruthanne","Dyer","1980-01-23"
"e4c7673d-cf66-11ee-b9f7-e00af6801390","Joanie","Sandoval","1975-06-07"
"e4c7673e-cf66-11ee-85a1-e00af6801390","Evangelina","Glover","2000-12-12"
"e4c7673f-cf66-11ee-8d36-e00af6801390","Laurene","Nash","1990-06-20"
"e4c76740-cf66-11ee-98ab-e00af6801390","Brittni","Luna","1993-11-25"
"e4c76741-cf66-11ee-be28-e00af6801390","Kesley","Mcbride","1976-10-30"
"e4c76742-cf66-11ee-b1ff-e00af6801390","Marika","Knox","1963-10-31"
"e4c76743-cf66-11ee-8c0c-e00af6801390","Donielle","Hess","2003-12-09"
"e4c76744-cf66-11ee-94ee-e00af6801390","Magdaia","Fisher","1970-11-01"
"e4c76745-cf66-11ee-9084-e00af6801390","Wynnie","Ruiz","1978-01-14"
"e4c76746-cf66-11ee-827d-e00af6801390","Joelle","Harper","1967-12-29"
"e4c76747-cf66-11ee-a484-e00af6801390","Christabel","Kirk","1991-07-02"
"e4c76748-cf66-11ee-a946-e00af6801390","Gussy","Mullen","1985-12-16"
"e4c76749-cf66-11ee-9f39-e00af6801390","Madelene","Reynolds","1954-06-04"
"e4c7674a-cf66-11ee-8cb5-e00af6801390","Frieda","Curry","1974-10-10"
"e4c7674b-cf66-11ee-bf1b-e00af6801390","Phedra","Mcpherson","1979-06-19"
"e4c7674c-cf66-11ee-9a28-e00af6801390","Lucila","Solis","1975-04-02"
"e4c7674d-cf66-11ee-9be5-e00af6801390","Eveleen","Howe","1956-11-27"
"e4c7674e-cf66-11ee-af40-e00af6801390","Valma","Sweeney","1988-01-15"
"e4c7674f-cf66-11ee-b019-e00af6801390","Sisile","Moody","1974-03-21"
"e4c76750-cf66-11ee-a2b9-e00af6801390","Madelon","Spence","1965-07-02"
"e4c76751-cf66-11ee-a02d-e00af6801390","Dara","Orr","1967-01-01"
"e4c76752-cf66-11ee-b775-e00af6801390","Janeva","Klein","1962-03-24"
"e4c76753-cf66-11ee-8a23-e00af6801390","Magdalena","Mcconnell","1980-02-11"
"e4c76754-cf66-11ee-857f-e00af6801390","Prudy","Shepherd","1954-04-12"
"e4c76755-cf66-11ee-8ef1-e00af6801390","Lonnie","Oneill","1992-03-07"
"e4c76756-cf66-11ee-826a-e00af6801390","Pepi","Christensen","1984-05-27"
"e4c76757-cf66-11ee-a49c-e00af6801390","Annetta","Cannon","1966-08-01"
"e4c76758-cf66-11ee-bcc2-e00af6801390","Sara-Ann","Ortiz","1995-06-08"
"e4c76759-cf66-11ee-98dc-e00af6801390","Eddy","Pineda","1990-01-04"
"e4c7675a-cf66-11ee-8ecc-e00af6801390","Maddy","Klein","1982-09-12"
"e4c7675b-cf66-11ee-b05b-e00af6801390","Rochette","Yu","1988-12-06"
"e4c7675c-cf66-11ee-aa8d-e00af6801390","Nancy","Bates","2008-11-27"
"e4c7675d-cf66-11ee-8572-e00af6801390","Mariquilla","Bowers","1988-06-01"
"e4c7675e-cf66-11ee-93d4-e00af6801390","Sibeal","Christensen","1969-07-15"
"e4c7675f-cf66-11ee-8352-e00af6801390","Abra","Norton","1998-02-05"
"e4c76760-cf66-11ee-93ce-e00af6801390","Deanne","Ponce","1954-12-17"
"e4c76761-cf66-11ee-b29a-e00af6801390","Aurelia","Kaur","1973-06-18"
"e4c76762-cf66-11ee-aee7-e00af6801390","Selia","Meyer","1956-05-14"
"e4c76763-cf66-11ee-8fbf-e00af6801390","Anallese","Mata","1958-10-04"
"e4c76764-cf66-11ee-8660-e00af6801390","Tiphani","Velasquez","1956-10-08"
"e4c76765-cf66-11ee-9bc2-e00af6801390","Aubrie","Griffin","1961-08-12"
"e4c76766-cf66-11ee-944a-e00af6801390","Darby","Sanchez","1961-01-30"
"e4c76767-cf66-11ee-9e10-e00af6801390","Aurlie","Barry","1955-05-14"
"e4c78e44-cf66-11ee-8a7b-e00af6801390","Gerta","Pruitt","1973-10-02"
"e4c78e45-cf66-11ee-9b85-e00af6801390","Regine","Hoffman","1955-11-17"
"e4c78e46-cf66-11ee-84cb-e00af6801390","Alleen","Roberson","1967-12-12"
"e4c78e47-cf66-11ee-8eab-e00af6801390","Aggie","Lynch","2000-03-20"
"e4c78e48-cf66-11ee-abc1-e00af6801390","Hali","Gomez","2004-03-31"
"e4c78e49-cf66-11ee-8eba-e00af6801390","Oralie","Morgan","1959-11-12"
"e4c78e4a-cf66-11ee-a86f-e00af6801390","Sallyann","Hoffman","1974-01-28"
"e4c78e4b-cf66-11ee-a795-e00af6801390","Noami","Beasley","1974-08-25"
"e4c78e4c-cf66-11ee-bfed-e00af6801390","Ashien","Huerta","1972-04-20"
"e4c78e4d-cf66-11ee-97b2-e00af6801390","Kassie","Cuevas","1972-06-17"
"e4c78e4e-cf66-11ee-9ce4-e00af6801390","Jana","Lara","2003-05-14"
"e4c78e4f-cf66-11ee-ae3d-e00af6801390","Isis","Velasquez","1965-10-31"
"e4c78e50-cf66-11ee-81b9-e00af6801390","Chantal","Mcbride","1973-02-02"
"e4c78e51-cf66-11ee-96cb-e00af6801390","Allyn","Weber","1956-12-28"
"e4c78e52-cf66-11ee-9b2b-e00af6801390","Drusy","Castillo","1975-10-21"
"e4c78e53-cf66-11ee-8ed2-e00af6801390","Lind","Brown","1991-02-16"
"e4c78e54-cf66-11ee-876e-e00af6801390","Tybie","Cole","2007-06-28"
"e4c78e55-cf66-11ee-ad89-e00af6801390","Valma","Huffman","1988-04-23"
"e4c78e56-cf66-11ee-90ed-e00af6801390","Jacqueline","Rollins","1957-01-21"
"e4c78e57-cf66-11ee-8f91-e00af6801390","Elvira","Melendez","1998-09-20"
"e4c78e58-cf66-11ee-ba0c-e00af6801390","Billi","Benjamin","1956-04-21"
"e4c78e59-cf66-11ee-8673-e00af6801390","Dita","Briggs","1991-02-15"
"e4c78e5a-cf66-11ee-8d30-e00af6801390","Vonny","Orr","1986-09-14"
"e4c78e5b-cf66-11ee-9f16-e00af6801390","Benita","Olsen","1998-01-06"
"e4c78e5c-cf66-11ee-99fa-e00af6801390","Honoria","Phelps","1992-04-25"
"e4c78e5d-cf66-11ee-941e-e00af6801390","Salome","Hayden","1979-12-23"
"e4c78e5e-cf66-11ee-9a22-e00af6801390","Shelly","Chan","1995-10-31"
"e4c78e5f-cf66-11ee-9aef-e00af6801390","Karleen","Bradshaw","1980-06-30"
"e4c78e60-cf66-11ee-903f-e00af6801390","Tessa","Allison","1994-02-21"
"e4c78e61-cf66-11ee-beec-e00af6801390","Doria","Estrada","2008-08-23"
"e4c78e62-cf66-11ee-8883-e00af6801390","Lesya","Malone","1969-02-27"
"e4c78e63-cf66-11ee-a457-e00af6801390","Goldina","Harper","2008-08-30"
"e4c78e64-cf66-11ee-a7e1-e00af6801390","Reyna","Raymond","1988-02-27"
"e4c78e65-cf66-11ee-9b77-e00af6801390","Gretchen","George","1960-06-18"
"e4c78e66-cf66-11ee-8684-e00af6801390","Nessi","Marquez","1966-10-17"
"e4c78e67-cf66-11ee-b2c9-e00af6801390","Myra","Gates","1983-06-26"
"e4c78e68-cf66-11ee-a27f-e00af6801390","Siouxie","Medrano","1993-09-03"
"e4c78e69-cf66-11ee-b245-e00af6801390","Gerladina","S","2000-10-25"
"e4c78e6a-cf66-11ee-a202-e00af6801390","Talya","Harding","1987-07-25"
"e4c78e6b-cf66-11ee-bf7d-e00af6801390","Courtnay","Mckee","1994-01-26"
"e4c78e6c-cf66-11ee-b540-e00af6801390","Sadye","S","1971-12-04"
"e4c78e6d-cf66-11ee-9795-e00af6801390","Carmelita","Madden","1995-05-01"
"e4c78e6e-cf66-11ee-b7a6-e00af6801390","Audi","Byrd","1974-03-10"
"e4c78e6f-cf66-11ee-8d59-e00af6801390","Dorine","Beasley","1960-12-05"
"e4c78e70-cf66-11ee-9c45-e00af6801390","Roby","Donovan","1956-06-21"
"e4c78e71-cf66-11ee-b211-e00af6801390","Jorrie","Franklin","1955-06-19"
"e4c78e72-cf66-11ee-992b-e00af6801390","Renata","Ramirez","1962-06-14"
"e4c78e73-cf66-11ee-b9d1-e00af6801390","Celestine","Calderon","2000-10-22"
"e4c78e74-cf66-11ee-9bdf-e00af6801390","Charmion","Mullins","1965-03-05"
"e4c78e75-cf66-11ee-ae8a-e00af6801390","Joelly","Harper","1954-10-05"
"e4c78e76-cf66-11ee-8b4c-e00af6801390","Dale","Mueller","1994-11-23"
"e4c78e77-cf66-11ee-9540-e00af6801390","Ranice","Zavala","1956-09-06"
"e4c78e78-cf66-11ee-9a07-e00af6801390","Harriot","Herman","1993-11-04"
"e4c78e79-cf66-11ee-b9ca-e00af6801390","Kylynn","Fox","1984-10-01"
"e4c78e7a-cf66-11ee-8a96-e00af6801390","Astrix","Mcdowell","1995-09-05"
"e4c78e7b-cf66-11ee-852e-e00af6801390","Felecia","Brewer","1964-08-10"
"e4c78e7c-cf66-11ee-a614-e00af6801390","Moselle","Boyle","1987-04-18"
"e4c78e7d-cf66-11ee-8fb0-e00af6801390","Shanda","Ramos","1983-06-13"
"e4c78e7e-cf66-11ee-b1fc-e00af6801390","Calli","Hughes","1966-11-09"
"e4c78e7f-cf66-11ee-9bc8-e00af6801390","Veronika","Rowe","1991-10-04"
"e4c78e80-cf66-11ee-bce4-e00af6801390","Timi","Kim","1986-01-17"
"e4c78e81-cf66-11ee-9c9e-e00af6801390","Raf","Johnson","1995-11-13"
"e4c78e82-cf66-11ee-971d-e00af6801390","Teodora","Benitez","1983-03-05"
"e4c78e83-cf66-11ee-9a7c-e00af6801390","Fidela","Mcfarland","1991-03-03"
"e4c78e84-cf66-11ee-abbc-e00af6801390","Clara","Stanton","1968-11-20"
"e4c78e85-cf66-11ee-b1d2-e00af6801390","Janessa","Fields","1988-12-18"
"e4c7b549-cf66-11ee-81d7-e00af6801390","Ferdinande","Mann","1987-04-24"
"e4c7b54a-cf66-11ee-879c-e00af6801390","Clementia","Huang","1968-08-28"
"e4c7b54b-cf66-11ee-ac55-e00af6801390","Jennilee","Walter","1961-08-05"
"e4c7b54c-cf66-11ee-8924-e00af6801390","Alys","Brown","1984-02-05"
"e4c7b54d-cf66-11ee-8dc5-e00af6801390","Chandra","Hopkins","1983-02-11"
"e4c7b54e-cf66-11ee-8ed8-e00af6801390","Sorcha","Gregory","1963-11-01"
"e4c7b54f-cf66-11ee-8c79-e00af6801390","Fernanda","Blevins","1983-03-15"
"e4c7b550-cf66-11ee-a273-e00af6801390","Katine","Martinez","1992-03-06"
"e4c7b551-cf66-11ee-a3cd-e00af6801390","Dari","Mccarty","1999-05-10"
"e4c7b552-cf66-11ee-83d3-e00af6801390","Cissy","Koch","1996-07-31"
"e4c7b553-cf66-11ee-aa1f-e00af6801390","Allianora","Butler","1958-04-09"
"e4c7b554-cf66-11ee-902a-e00af6801390","Johnette","Cline","1965-04-16"
"e4c7b555-cf66-11ee-8fd4-e00af6801390","Hana","Harmon","2006-01-29"
"e4c7b556-cf66-11ee-a290-e00af6801390","Raven","Reyna","1983-02-27"
"e4c7b557-cf66-11ee-8001-e00af6801390","Tandie","Barnett","1960-01-27"
"e4c7b558-cf66-11ee-abbf-e00af6801390","Laney","Guevara","1969-12-17"
"e4c7b559-cf66-11ee-a2c3-e00af6801390","Yolane","Trujillo","1976-10-21"
"e4c7b55a-cf66-11ee-a8a0-e00af6801390","Sharla","Hendricks","1993-07-31"
"e4c7b55b-cf66-11ee-8984-e00af6801390","Lacie","Middleton","1957-02-12"
"e4c7b55c-cf66-11ee-af23-e00af6801390","Tommie","Greer","1974-08-19"
"e4c7b55d-cf66-11ee-8d40-e00af6801390","Ardyce","Jones","1989-10-17"
"e4c7b55e-cf66-11ee-ba16-e00af6801390","Leann","Odonnell","1980-10-31"
"e4c7b55f-cf66-11ee-92a5-e00af6801390","Dorise","Wade","1997-01-06"
"e4c7b560-cf66-11ee-b686-e00af6801390","Koral","Smith","1961-09-20"
"e4c7b561-cf66-11ee-93cf-e00af6801390","Berti","Choi","2004-10-22"
"e4c7b562-cf66-11ee-8cf4-e00af6801390","Nikkie","Heath","1979-03-04"
"e4c7b563-cf66-11ee-b9aa-e00af6801390","Britta","Pena","1997-08-03"
"e4c7b564-cf66-11ee-be53-e00af6801390","Elbertine","Alexander","1970-08-25"
"e4c7b565-cf66-11ee-bb01-e00af6801390","Willow","Weber","1981-04-22"
"e4c7b566-cf66-11ee-9aa1-e00af6801390","Dennie","Gibbs","2005-03-24"
"e4c7b567-cf66-11ee-b7be-e00af6801390","Johanna","Navarro","2003-09-24"
"e4c7b568-cf66-11ee-8068-e00af6801390","Nike","Chapman","1983-03-09"
"e4c7b569-cf66-11ee-8893-e00af6801390","Caitrin","Gross","1955-10-06"
"e4c7b56a-cf66-11ee-b90b-e00af6801390","Adriaens","Collins","2009-01-03"
"e4c7b56b-cf66-11ee-92f1-e00af6801390","Idelle","Walsh","1976-04-29"
"e4c7b56c-cf66-11ee-af96-e00af6801390","Layney","Bradley","1972-08-08"
"e4c7b56d-cf66-11ee-b521-e00af6801390","Wileen","Orr","1992-06-24"
"e4c7b56e-cf66-11ee-bf26-e00af6801390","Idaline","Mayo","2001-01-16"
"e4c7b56f-cf66-11ee-b761-e00af6801390","Mersey","Beil","1981-09-02"
"e4c7b570-cf66-11ee-bd62-e00af6801390","Crissy","Steele","1955-11-18"
"e4c7b571-cf66-11ee-b4e2-e00af6801390","Lindy","Brown","1958-01-01"
"e4c7b572-cf66-11ee-97e2-e00af6801390","Clara","Fuentes","1978-10-21"
"e4c7b573-cf66-11ee-9fed-e00af6801390","Agneta","Dyer","1983-06-12"
"e4c7b574-cf66-11ee-9202-e00af6801390","Jeannette","Hood","1994-08-03"
"e4c7b575-cf66-11ee-ab54-e00af6801390","Scarlet","Santiago","1997-10-25"
"e4c7b576-cf66-11ee-b8da-e00af6801390","Adrianna","Schaefer","1967-08-12"
"e4c7b577-cf66-11ee-b71a-e00af6801390","Winonah","Cuevas","1989-11-09"
"e4c7b578-cf66-11ee-a1f2-e00af6801390","Idaline","Hawkins","1981-11-12"
"e4c7b579-cf66-11ee-ad30-e00af6801390","Emily","Best","2003-10-29"
"e4c7b57a-cf66-11ee-93f9-e00af6801390","Belicia","Heath","1968-02-05"
"e4c7b57b-cf66-11ee-9511-e00af6801390","Bree","Robinson","1969-01-21"
"e4c7b57c-cf66-11ee-992b-e00af6801390","Ynez","Love","1971-11-28"
"e4c7b57d-cf66-11ee-b2bb-e00af6801390","Shanie","Mosley","1999-09-22"
"e4c7b57e-cf66-11ee-b23d-e00af6801390","Peg","Vu","1985-05-22"
"e4c7b57f-cf66-11ee-85e0-e00af6801390","Kissie","Valenzuela","1963-07-08"
"e4c7b580-cf66-11ee-8063-e00af6801390","Lebbie","Case","1995-12-09"
"e4c7b581-cf66-11ee-8891-e00af6801390","Lizzie","Atkinson","1993-08-08"
"e4c7b582-cf66-11ee-a429-e00af6801390","Leisha","Allen","2008-08-22"
"e4c7b583-cf66-11ee-8ff4-e00af6801390","Alisha","Newton","1955-01-13"
"e4c7b584-cf66-11ee-a6b8-e00af6801390","Alysia","Rollins","2006-09-12"
"e4c7b585-cf66-11ee-b7e5-e00af6801390","Karie","Hoffman","1967-08-29"
"e4c7b586-cf66-11ee-bf61-e00af6801390","Ree","Castro","2003-06-15"
"e4c7b587-cf66-11ee-8442-e00af6801390","Kirsti","Weeks","1982-07-23"
"e4c7b588-cf66-11ee-9cae-e00af6801390","Rhiamon","Sexton","1987-06-10"
"e4c7b589-cf66-11ee-8b73-e00af6801390","Heda","Pierce","1965-09-18"
"e4c7b58a-cf66-11ee-8552-e00af6801390","Janelle","S","1957-07-12"
"e4c7dc57-cf66-11ee-8db3-e00af6801390","Christy","Pennington","1984-06-13"
"e4c7dc58-cf66-11ee-b507-e00af6801390","Vernice","Lopez","1994-11-15"
"e4c7dc59-cf66-11ee-b3f8-e00af6801390","Gerrie","Robles","1963-03-15"
"e4c7dc5a-cf66-11ee-bcf9-e00af6801390","Philippa","Sanford","1974-04-13"
"e4c7dc5b-cf66-11ee-add3-e00af6801390","Irita","Reeves","2002-08-12"
"e4c7dc5c-cf66-11ee-bcc3-e00af6801390","Pamela","Stanley","1990-08-11"
"e4c7dc5d-cf66-11ee-a0de-e00af6801390","Zondra","Pearson","1979-12-06"
"e4c7dc5e-cf66-11ee-ac78-e00af6801390","Prue","Cortez","1956-03-09"
"e4c7dc5f-cf66-11ee-82b7-e00af6801390","Aleece","Johnson","1991-01-06"
"e4c7dc60-cf66-11ee-a73c-e00af6801390","Truda","Bond","2000-03-16"
"e4c7dc61-cf66-11ee-b685-e00af6801390","Viva","Delacruz","1995-10-24"
"e4c7dc62-cf66-11ee-b90a-e00af6801390","Jacquelin","Sutton","1974-03-18"
"e4c7dc63-cf66-11ee-9c91-e00af6801390","Natka","Villanueva","1999-04-26"
"e4c7dc64-cf66-11ee-93b7-e00af6801390","Kacey","Koch","1969-05-22"
"e4c7dc65-cf66-11ee-a1dc-e00af6801390","Sybila","Dean","1976-01-23"
"e4c7dc66-cf66-11ee-935d-e00af6801390","Karine","Pacheco","2007-04-20"
"e4c7dc67-cf66-11ee-8e69-e00af6801390","Meris","Horn","1999-08-21"
"e4c7dc68-cf66-11ee-a94d-e00af6801390","Peria","Andersen","1976-06-16"
"e4c7dc69-cf66-11ee-85de-e00af6801390","Daisi","Buchanan","1971-07-11"
"e4c7dc6a-cf66-11ee-83e2-e00af6801390","Alfi","Mullins","2007-12-08"
"e4c7dc6b-cf66-11ee-a3ce-e00af6801390","Jeanie","Dawson","2005-09-21"
"e4c7dc6c-cf66-11ee-9181-e00af6801390","Edeline","Suarez","1965-08-06"
"e4c7dc6d-cf66-11ee-b2a7-e00af6801390","Coralie","Wagner","1956-12-15"
"e4c7dc6e-cf66-11ee-b6af-e00af6801390","Karlotta","Blanchard","1976-01-02"
"e4c7dc6f-cf66-11ee-876b-e00af6801390","Lilia","Frost","1999-12-03"
"e4c7dc70-cf66-11ee-b68f-e00af6801390","Jeanelle","Burke","1964-05-08"
"e4c7dc71-cf66-11ee-b177-e00af6801390","Meggi","Stuart","1959-03-03"
"e4c7dc72-cf66-11ee-b679-e00af6801390","Fanechka","Macias","1978-08-10"
"e4c7dc73-cf66-11ee-879b-e00af6801390","Clareta","Underwood","1986-04-13"
"e4c7dc74-cf66-11ee-8f8b-e00af6801390","Christiane","Johnson","1954-11-14"
"e4c7dc75-cf66-11ee-a668-e00af6801390","Ivy","Keller","1992-07-10"
"e4c7dc76-cf66-11ee-9b80-e00af6801390","Harriett","Hill","1991-02-22"
"e4c7dc77-cf66-11ee-aac6-e00af6801390","Sara-Ann","Johnston","1964-01-20"
"e4c7dc78-cf66-11ee-ab3f-e00af6801390","Kimbra","Brennan","1963-04-08"
"e4c7dc79-cf66-11ee-87b8-e00af6801390","Perle","Pena","1979-09-30"
"e4c7dc7a-cf66-11ee-9c29-e00af6801390","Alyss","Cannon","1997-03-18"
"e4c7dc7b-cf66-11ee-9094-e00af6801390","Cynthy","Villalobos","1987-01-06"
"e4c7dc7c-cf66-11ee-8859-e00af6801390","Cass","Orr","1995-06-21"
"e4c7dc7d-cf66-11ee-bcf5-e00af6801390","Ardis","Cochran","1990-04-03"
"e4c7dc7e-cf66-11ee-a0f5-e00af6801390","Jaquith","Walton","2005-04-04"
"e4c7dc7f-cf66-11ee-aa99-e00af6801390","Leanora","Bates","1980-04-11"
"e4c7dc80-cf66-11ee-bcbf-e00af6801390","Lise","Vang","2007-08-13"
"e4c7dc81-cf66-11ee-b12f-e00af6801390","Celka","Ford","2007-07-26"
"e4c7dc82-cf66-11ee-8e9a-e00af6801390","Tracee","Mitchell","1963-02-23"
"e4c7dc83-cf66-11ee-9882-e00af6801390","Laina","Molina","1989-04-13"
"e4c7dc84-cf66-11ee-9d11-e00af6801390","Alikee","Cannon","1985-06-09"
"e4c7dc85-cf66-11ee-a3d5-e00af6801390","Alanna","Phillips","1963-06-26"
"e4c7dc86-cf66-11ee-981f-e00af6801390","Nanette","Schmitt","1976-02-02"
"e4c7dc87-cf66-11ee-a20a-e00af6801390","Shandie","Phillips","2004-07-02"
"e4c7dc88-cf66-11ee-9c14-e00af6801390","Othilie","Wong","1961-04-07"
"e4c7dc89-cf66-11ee-b004-e00af6801390","Melisandra","Sheppard","1957-09-30"
"e4c7dc8a-cf66-11ee-b2ae-e00af6801390","Merrielle","Harrell","1972-10-28"
"e4c7dc8b-cf66-11ee-b22e-e00af6801390","Barby","Flowers","1965-08-18"
"e4c7dc8c-cf66-11ee-801b-e00af6801390","Papagena","Boyd","1966-10-06"
"e4c7dc8d-cf66-11ee-a1c5-e00af6801390","Florry","Park","1975-05-08"
"e4c7dc8e-cf66-11ee-b267-e00af6801390","Charlotta","Kirk","1977-01-08"
"e4c7dc8f-cf66-11ee-8a5d-e00af6801390","Cissy","Mcbride","1964-09-20"
"e4c7dc90-cf66-11ee-8c3b-e00af6801390","Tamiko","Best","1964-11-03"
"e4c7dc91-cf66-11ee-b697-e00af6801390","Mariam","Blair","1977-06-10"
"e4c7dc92-cf66-11ee-b969-e00af6801390","Carola","Ho","1956-02-29"
"e4c7dc93-cf66-11ee-8aa3-e00af6801390","Gwenore","Townsend","1979-05-24"
"e4c7dc94-cf66-11ee-9d80-e00af6801390","Shaine","Dodson","1957-11-29"
"e4c7dc95-cf66-11ee-8e3f-e00af6801390","Gillan","Harrington","1998-08-28"
"e4c7dc96-cf66-11ee-a930-e00af6801390","Marika","Winters","1959-10-04"
"e4c7dc97-cf66-11ee-a90e-e00af6801390","Irina","Bell","1982-08-05"
"e4c7dc98-cf66-11ee-a168-e00af6801390","Aime","Dominguez","1996-05-01"
"e4c7dc99-cf66-11ee-8dbc-e00af6801390","Eadie","Bender","1979-11-22"
"e4c80365-cf66-11ee-9af6-e00af6801390","Loreen","Golden","2007-03-13"
"e4c80366-cf66-11ee-a657-e00af6801390","Correy","Galindo","1999-07-08"
"e4c80367-cf66-11ee-abf5-e00af6801390","Teresina","Gentry","1982-03-31"
"e4c80368-cf66-11ee-8718-e00af6801390","Ira","Terrell","1978-03-10"
"e4c80369-cf66-11ee-997b-e00af6801390","Meggy","Rowland","1966-09-17"
"e4c8036a-cf66-11ee-9c5b-e00af6801390","Valery","Hayes","1968-03-28"
"e4c8036b-cf66-11ee-be6f-e00af6801390","Ilene","Munoz","1984-10-10"
"e4c8036c-cf66-11ee-b864-e00af6801390","Vania","Delacruz","1956-03-14"
"e4c8036d-cf66-11ee-95ba-e00af6801390","Leonora","Watkins","1976-02-18"
"e4c8036e-cf66-11ee-b7d9-e00af6801390","Annice","Dixon","2006-05-03"
"e4c8036f-cf66-11ee-ad6a-e00af6801390","Leshia","Cano","1974-01-11"
"e4c80370-cf66-11ee-9ba5-e00af6801390","Marcille","Berry","2003-11-26"
"e4c80371-cf66-11ee-87f1-e00af6801390","Amaleta","French","1955-02-21"
"e4c80372-cf66-11ee-b9c5-e00af6801390","Alverta","Levy","1965-05-30"
"e4c80373-cf66-11ee-be7c-e00af6801390","Roch","Stanton","1992-04-05"
"e4c80374-cf66-11ee-bfa4-e00af6801390","Belle","Bullock","1971-10-29"
"e4c80375-cf66-11ee-af40-e00af6801390","Andriette","Guevara","1998-11-08"
"e4c80376-cf66-11ee-a4bf-e00af6801390","Yalonda","Walter","1981-01-11"
"e4c80377-cf66-11ee-bb67-e00af6801390","Charlot","Dyer","1986-03-21"
"e4c80378-cf66-11ee-871e-e00af6801390","Dael","Horn","1982-09-19"
"e4c80379-cf66-11ee-b670-e00af6801390","Daveen","Miles","1980-11-25"
"e4c8037a-cf66-11ee-988d-e00af6801390","Oliy","Contreras","1984-04-30"
"e4c8037b-cf66-11ee-b3ed-e00af6801390","Karlyn","Silva","1954-03-12"
"e4c8037c-cf66-11ee-a63c-e00af6801390","Nichol","Friedman","1955-06-04"
"e4c8037d-cf66-11ee-9207-e00af6801390","Lou","Watson","1962-06-02"
"e4c8037e-cf66-11ee-9457-e00af6801390","Selinda","Donaldson","1997-05-24"
"e4c8037f-cf66-11ee-91ec-e00af6801390","Merridie","Marsh","1991-11-14"
"e4c80380-cf66-11ee-b8ac-e00af6801390","Misha","Zimmerman","1993-05-02"
"e4c80381-cf66-11ee-a5fb-e00af6801390","Marya","Graves","2004-06-21"
"e4c80382-cf66-11ee-90d9-e00af6801390","Beckie","Warren","1975-07-10"
"e4c80383-cf66-11ee-87a0-e00af6801390","Annaliese","Preston","1997-12-25"
"e4c80384-cf66-11ee-998e-e00af6801390","Sayre","Miles","2000-09-01"
"e4c80385-cf66-11ee-8c92-e00af6801390","Jeralee","Buchanan","1967-10-05"
"e4c80386-cf66-11ee-a011-e00af6801390","Florina","Yang","1988-11-01"
"e4c80387-cf66-11ee-a201-e00af6801390","Maribelle","Stout","1988-03-31"
"e4c80388-cf66-11ee-ada4-e00af6801390","Blancha","Bernard","1969-11-06"
"e4c80389-cf66-11ee-9c31-e00af6801390","Cassondra","Mclean","1992-03-06"
"e4c8038a-cf66-11ee-b07a-e00af6801390","Zenia","Barajas","1981-11-21"
"e4c8038b-cf66-11ee-8f8d-e00af6801390","Teena","Cervantes","1972-08-09"
"e4c8038c-cf66-11ee-83db-e00af6801390","Tanhya","Calderon","1959-11-26"
"e4c8038d-cf66-11ee-9daa-e00af6801390","Maxi","Greer","2003-02-27"
"e4c8038e-cf66-11ee-bd3d-e00af6801390","Celinda","Marshall","2008-02-04"
"e4c8038f-cf66-11ee-aff2-e00af6801390","Esme","Osborne","1961-03-16"
"e4c80390-cf66-11ee-a582-e00af6801390","Rivkah","Huynh","1967-07-03"
"e4c80391-cf66-11ee-b603-e00af6801390","Ardath","Randolph","2002-09-04"
"e4c80392-cf66-11ee-bac4-e00af6801390","Maybelle","Wang","1986-01-31"
"e4c80393-cf66-11ee-83b5-e00af6801390","Lynelle","Terry","1997-09-28"
"e4c80394-cf66-11ee-9e7a-e00af6801390","Ava","Juarez","1978-09-14"
"e4c80395-cf66-11ee-80b5-e00af6801390","Siana","Gibbs","1971-10-28"
"e4c80396-cf66-11ee-adc1-e00af6801390","Tildy","Barr","2007-12-17"
"e4c80397-cf66-11ee-8745-e00af6801390","Andree","Snow","1958-08-07"
"e4c80398-cf66-11ee-aa26-e00af6801390","Karrah","Chandler","1968-09-18"
"e4c80399-cf66-11ee-b1ee-e00af6801390","Orsola","Cervantes","1956-02-09"
"e4c8039a-cf66-11ee-90a4-e00af6801390","Abbie","Dean","1992-05-26"
"e4c8039b-cf66-11ee-af4a-e00af6801390","Farra","Miranda","1983-09-02"
"e4c8039c-cf66-11ee-bcf0-e00af6801390","Taffy","Butler","2007-07-07"
"e4c8039d-cf66-11ee-8444-e00af6801390","Nissa","Barrett","1968-08-06"
"e4c8039e-cf66-11ee-b5ee-e00af6801390","Marnie","Randolph","1990-10-18"
"e4c8039f-cf66-11ee-8fc3-e00af6801390","Amalita","Duarte","1972-03-11"
"e4c803a0-cf66-11ee-90ca-e00af6801390","Carlynn","King","1987-05-09"
"e4c803a1-cf66-11ee-af3b-e00af6801390","Kitti","Beltran","2004-06-09"
"e4c803a2-cf66-11ee-ad44-e00af6801390","Rodi","Banks","1975-07-13"
"e4c803a3-cf66-11ee-a90b-e00af6801390","Gretchen","George","1969-06-10"
"e4c803a4-cf66-11ee-a5ac-e00af6801390","Chastity","White","1990-01-18"
"e4c803a5-cf66-11ee-8ce9-e00af6801390","","Daniel","1955-01-12"
"e4c803a6-cf66-11ee-b96d-e00af6801390","Coralie","Sweeney","2004-06-19"
"e4c803a7-cf66-11ee-b7b8-e00af6801390","Fifi","Holland","1965-09-21"
"e4c803a8-cf66-11ee-b4a0-e00af6801390","Jessa","Mcpherson","1978-04-29"
"e4c82a98-cf66-11ee-8545-e00af6801390","Berna","Wyatt","1970-04-01"
"e4c82a99-cf66-11ee-af59-e00af6801390","Kristi","Waters","1962-06-09"
"e4c82a9a-cf66-11ee-923a-e00af6801390","Elena","Rice","1983-06-15"
"e4c82a9b-cf66-11ee-afa8-e00af6801390","Joelynn","Alvarez","1979-06-05"
"e4c82a9c-cf66-11ee-9081-e00af6801390","Jackie","Weeks","1976-03-20"
"e4c82a9d-cf66-11ee-b0fa-e00af6801390","Catlee","Curry","1958-02-15"
"e4c82a9e-cf66-11ee-892c-e00af6801390","Mollie","Bonilla","1990-09-27"
"e4c82a9f-cf66-11ee-8af6-e00af6801390","Evonne","Yu","1975-05-11"
"e4c82aa0-cf66-11ee-9413-e00af6801390","Kay","Mayer","1956-06-25"
"e4c82aa1-cf66-11ee-bf75-e00af6801390","Roseanne","Watts","1961-12-23"
"e4c82aa2-cf66-11ee-bf79-e00af6801390","Candie","Pruitt","1970-07-15"
"e4c82aa3-cf66-11ee-875a-e00af6801390","Lishe","Cantu","1988-06-01"
"e4c82aa4-cf66-11ee-b748-e00af6801390","Sianna","Stephenson","2002-11-07"
"e4c82aa5-cf66-11ee-a8ca-e00af6801390","Deeanne","Baldwin","1978-09-15"
"e4c82aa6-cf66-11ee-917d-e00af6801390","Floria","Woodward","2006-10-26"
"e4c82aa7-cf66-11ee-98f7-e00af6801390","Birgit","Stout","1984-10-24"
"e4c82aa8-cf66-11ee-87b9-e00af6801390","Agna","Tucker","1961-09-22"
"e4c82aa9-cf66-11ee-a1a9-e00af6801390","Calli","Norton","1988-10-30"
"e4c82aaa-cf66-11ee-a0a0-e00af6801390","Faith","Steele","2002-06-24"
"e4c82aab-cf66-11ee-8a4d-e00af6801390","Ellynn","Hail","2007-10-25"
"e4c82aac-cf66-11ee-9fbf-e00af6801390","Amandi","Gibson","1986-02-04"
"e4c82aad-cf66-11ee-a181-e00af6801390","Cairistiona","Merritt","2007-02-09"
"e4c82aae-cf66-11ee-87e0-e00af6801390","Joey","Maddox","1995-07-20"
"e4c82aaf-cf66-11ee-8538-e00af6801390","Cinderella","Christensen","1987-02-27"
"e4c82ab0-cf66-11ee-9a47-e00af6801390","Cairistiona","Gomez","1967-08-07"
"e4c82ab1-cf66-11ee-a5f0-e00af6801390","Lona","Beil","2001-12-01"
"e4c82ab2-cf66-11ee-966d-e00af6801390","Wanda","Erickson","1975-03-13"
"e4c82ab3-cf66-11ee-bf0d-e00af6801390","Malory","Mayo","2004-09-22"
"e4c82ab4-cf66-11ee-bd25-e00af6801390","Rosaline","Adkins","1988-05-31"
"e4c82ab5-cf66-11ee-bfbd-e00af6801390","Irena","Gillespie","1972-10-11"
"e4c82ab6-cf66-11ee-9caa-e00af6801390","Aprilette","Washington","1955-02-05"
"e4c82ab7-cf66-11ee-9863-e00af6801390","Merralee","Romero","1979-10-20"
"e4c82ab8-cf66-11ee-b362-e00af6801390","Birgit","Harrell","1997-07-03"
"e4c82ab9-cf66-11ee-a2ee-e00af6801390","Laura","Foster","2009-01-19"
"e4c82aba-cf66-11ee-bfc8-e00af6801390","Mechelle","Hickman","1954-11-02"
"e4c82abb-cf66-11ee-a360-e00af6801390","Crystal","Sanford","1968-12-22"
"e4c82abc-cf66-11ee-bdeb-e00af6801390","Willi","Barry","1985-12-27"
"e4c82abd-cf66-11ee-9411-e00af6801390","Dottie","Pennington","1983-05-19"
"e4c82abe-cf66-11ee-add4-e00af6801390","Loni","Blackwell","1991-03-13"
"e4c82abf-cf66-11ee-80a1-e00af6801390","Daria","Mosley","1988-11-11"
"e4c82ac0-cf66-11ee-8234-e00af6801390","Frederica","Mills","1977-01-21"
"e4c82ac1-cf66-11ee-8be3-e00af6801390","Nancey","Dickson","1962-09-08"
"e4c82ac2-cf66-11ee-a125-e00af6801390","Sally","Mosley","1995-05-11"
"e4c82ac3-cf66-11ee-b005-e00af6801390","Anita","Benjamin","2004-10-10"
"e4c82ac4-cf66-11ee-b076-e00af6801390","Linzy","Escobar","1988-08-30"
"e4c82ac5-cf66-11ee-a099-e00af6801390","Florella","Grant","1965-01-18"
"e4c82ac6-cf66-11ee-a815-e00af6801390","Cathyleen","Keith","1998-09-14"
"e4c82ac7-cf66-11ee-b7e2-e00af6801390","Codee","Pierce","1979-05-01"
"e4c82ac8-cf66-11ee-bcd5-e00af6801390","Cheryl","Contreras","1985-11-27"
"e4c82ac9-cf66-11ee-bb83-e00af6801390","Angelle","Montoya","1976-05-06"
"e4c82aca-cf66-11ee-b540-e00af6801390","Lauretta","Gallagher","1978-07-29"
"e4c82acb-cf66-11ee-b512-e00af6801390","Kessiah","George","1964-06-19"
"e4c82acc-cf66-11ee-a5a8-e00af6801390","Jammie","Hoover","1968-06-27"
"e4c82acd-cf66-11ee-859f-e00af6801390","Joice","Bennett","1967-08-03"
"e4c82ace-cf66-11ee-976e-e00af6801390","Roxie","Finley","1987-12-11"
"e4c82acf-cf66-11ee-8545-e00af6801390","Ethel","Watkins","1978-08-23"
"e4c82ad0-cf66-11ee-8da5-e00af6801390","Lynnea","Lane","1992-04-14"
"e4c82ad1-cf66-11ee-8522-e00af6801390","Paula","Roach","2001-11-22"
"e4c82ad2-cf66-11ee-8b95-e00af6801390","Karilynn","Mcgee","1980-06-20"
"e4c82ad3-cf66-11ee-977f-e00af6801390","Lindi","Graves","2008-06-30"
"e4c82ad4-cf66-11ee-bc08-e00af6801390","Vickie","Reid","1986-07-04"
"e4c82ad5-cf66-11ee-a380-e00af6801390","Odessa","Acosta","1996-02-21"
"e4c82ad6-cf66-11ee-8a1c-e00af6801390","Katheryn","Salinas","1979-06-02"
"e4c82ad7-cf66-11ee-bd65-e00af6801390","Del","Clay","1987-05-14"
"e4c82ad8-cf66-11ee-a013-e00af6801390","Lilly","Cox","1983-02-04"
"e4c82ad9-cf66-11ee-9113-e00af6801390","Chiquia","Hogan","1966-04-19"
"e4c82ada-cf66-11ee-ab29-e00af6801390","Genia","Person","1974-05-06"
"e4c85188-cf66-11ee-8eab-e00af6801390","Aurel","Wu","2003-02-22"
"e4c85189-cf66-11ee-a44b-e00af6801390","Jacquelynn","Kane","1975-10-12"
"e4c8518a-cf66-11ee-ae66-e00af6801390","Bambie","Holloway","2007-12-08"
"e4c8518b-cf66-11ee-9906-e00af6801390","Amelie","Castaneda","1976-02-28"
"e4c8518c-cf66-11ee-845a-e00af6801390","Anna-Diane","Barnes","1963-03-12"
"e4c8518d-cf66-11ee-89d1-e00af6801390","Lucie","Andersen","1960-01-19"
"e4c8518e-cf66-11ee-9174-e00af6801390","Kayle","Reed","1954-12-26"
"e4c8518f-cf66-11ee-a85d-e00af6801390","Winona","Ryan","2007-09-03"
"e4c85190-cf66-11ee-8753-e00af6801390","Chantal","Huber","1980-05-04"
"e4c85191-cf66-11ee-ba73-e00af6801390","Drusilla","Berger","2003-03-22"
"e4c85192-cf66-11ee-b517-e00af6801390","Delila","Reilly","1979-01-28"
"e4c85193-cf66-11ee-8bb2-e00af6801390","Gracie","Taylor","1980-07-08"
"e4c85194-cf66-11ee-a0d4-e00af6801390","Ibbie","Dejesus","1982-08-13"
"e4c85195-cf66-11ee-a97f-e00af6801390","Abigail","Welch","1980-04-10"
"e4c85196-cf66-11ee-bfe5-e00af6801390","Marianna","Mcdowell","1972-11-20"
"e4c85197-cf66-11ee-ac77-e00af6801390","Letitia","Chambers","1979-07-21"
"e4c85198-cf66-11ee-9683-e00af6801390","Diannne","Sampson","1971-06-24"
"e4c85199-cf66-11ee-b2af-e00af6801390","Dore","Randolph","1957-04-10"
"e4c8519a-cf66-11ee-a69a-e00af6801390","Hilda","Howe","2001-10-23"
"e4c8519b-cf66-11ee-8e62-e00af6801390","Nanine","Haley","1974-05-12"
"e4c8519c-cf66-11ee-a702-e00af6801390","Goldi","Wilkins","2007-01-08"
"e4c8519d-cf66-11ee-aee2-e00af6801390","Cookie","Glass","1992-02-09"
"e4c8519e-cf66-11ee-8c04-e00af6801390","Hildegarde","Hughes","1987-04-09"
"e4c8519f-cf66-11ee-b779-e00af6801390","Bibby","Schmitt","1997-12-19"
"e4c851a0-cf66-11ee-83ca-e00af6801390","Ryann","Rollins","1957-07-05"
"e4c851a1-cf66-11ee-b8ea-e00af6801390","Shelby","Rasmussen","1978-05-02"
"e4c851a2-cf66-11ee-baa5-e00af6801390","Wanids","Delgado","1981-09-12"
"e4c851a3-cf66-11ee-b5cc-e00af6801390","Milicent","Ashley","1986-07-06"
"e4c851a4-cf66-11ee-b1ff-e00af6801390","Sibby","Smith","1978-05-29"
"e4c851a5-cf66-11ee-8069-e00af6801390","Davine","Barber","1982-11-02"
"e4c851a6-cf66-11ee-a730-e00af6801390","Heidi","Moody","1971-11-04"
"e4c851a7-cf66-11ee-9516-e00af6801390","Darya","Morrison","1991-04-02"
"e4c851a8-cf66-11ee-a857-e00af6801390","Elaina","Gonzales","1996-02-20"
"e4c851a9-cf66-11ee-b744-e00af6801390","Brier","Conway","1980-07-26"
"e4c851aa-cf66-11ee-a242-e00af6801390","Allsun","Kent","1965-05-10"
"e4c851ab-cf66-11ee-9fc3-e00af6801390","Clareta","Reynolds","1980-06-27"
"e4c851ac-cf66-11ee-8361-e00af6801390","Mabel","Zhang","1996-06-18"
"e4c851ad-cf66-11ee-b1ed-e00af6801390","Juli","Spencer","2002-04-28"
"e4c851ae-cf66-11ee-bfa4-e00af6801390","Laryssa","Sherman","1977-09-29"
"e4c851af-cf66-11ee-9595-e00af6801390","Bernadine","Ortiz","1960-11-28"
"e4c851b0-cf66-11ee-b7de-e00af6801390","Jemmie","Mccormick","1969-10-15"
"e4c851b1-cf66-11ee-b0b0-e00af6801390","Scarlet","West","1991-03-30"
"e4c851b2-cf66-11ee-ace3-e00af6801390","Marya","Owens","1971-07-30"
"e4c851b3-cf66-11ee-9866-e00af6801390","Doro","Peralta","1987-04-24"
"e4c851b4-cf66-11ee-8ef7-e00af6801390","Viole","Rivers","1993-03-16"
"e4c851b5-cf66-11ee-b4b4-e00af6801390","Talia","Sutton","1971-09-23"
"e4c851b6-cf66-11ee-9a13-e00af6801390","Lilith","Rose","1977-10-22"
"e4c851b7-cf66-11ee-b41f-e00af6801390","Miquela","Robertson","1972-07-06"
"e4c851b8-cf66-11ee-9935-e00af6801390","Marje","Burch","1996-05-16"
"e4c851b9-cf66-11ee-ab8c-e00af6801390","Julianne","Mccarthy","1986-11-01"
"e4c851ba-cf66-11ee-ae60-e00af6801390","Sallee","Anthony","1968-08-24"
"e4c851bb-cf66-11ee-9ec3-e00af6801390","Drucy","Blanchard","1987-11-20"
"e4c851bc-cf66-11ee-b6a0-e00af6801390","Masha","Henderson","1967-08-22"
"e4c851bd-cf66-11ee-a1aa-e00af6801390","Ulrica","Raymond","2003-07-04"
"e4c851be-cf66-11ee-914f-e00af6801390","Alena","Barron","1957-11-01"
"e4c851bf-cf66-11ee-bfdb-e00af6801390","Xaviera","Deleon","1973-08-05"
"e4c851c0-cf66-11ee-9456-e00af6801390","Hollie","Kirby","1990-04-18"
"e4c851c1-cf66-11ee-90c9-e00af6801390","Neysa","Sanford","1965-03-19"
"e4c851c2-cf66-11ee-8895-e00af6801390","Nancee","Black","2007-09-04"
"e4c851c3-cf66-11ee-814c-e00af6801390","Diane","Garner","1970-03-22"
"e4c851c4-cf66-11ee-a50f-e00af6801390","Karlen","Martinez","1955-06-11"
"e4c851c5-cf66-11ee-9475-e00af6801390","Gwenneth","Jordan","1986-12-05"
"e4c851c6-cf66-11ee-9d73-e00af6801390","Charyl","Wong","1956-06-07"
"e4c851c7-cf66-11ee-9a5f-e00af6801390","Jacklin","Hall","1955-01-01"
"e4c851c8-cf66-11ee-89d6-e00af6801390","Elsy","Schmitt","2000-05-17"
"e4c851c9-cf66-11ee-9755-e00af6801390","Freddi","Galindo","1970-07-06"
"e4c851ca-cf66-11ee-9b35-e00af6801390","Salome","Mayer","2008-02-08"
"e4c851cb-cf66-11ee-a2f2-e00af6801390","Alexis","Zimmerman","1995-09-21"
"e4c851cc-cf66-11ee-9e3a-e00af6801390","Eolande","Mcdaniel","1966-03-27"
"e4c851cd-cf66-11ee-bb9b-e00af6801390","Odelle","Alvarado","1964-07-05"
"e4c851ce-cf66-11ee-b50f-e00af6801390","Faith","Hail","1994-07-09"
"e4c851cf-cf66-11ee-aa07-e00af6801390","Nanon","Watson","1976-12-02"
"e4c851d0-cf66-11ee-bd1a-e00af6801390","Casandra","Avery","1971-02-27"
"e4c851d1-cf66-11ee-a974-e00af6801390","Marie","Trujillo","1962-11-02"
"e4c851d2-cf66-11ee-bd94-e00af6801390","Daphene","Spence","1979-07-16"
"e4c87cc3-cf66-11ee-9fe8-e00af6801390","Christan","Pace","1991-11-28"
"e4c87cc4-cf66-11ee-b111-e00af6801390","Drusi","Macias","1967-02-04"
"e4c87cc5-cf66-11ee-b4d1-e00af6801390","Harley","Norman","1997-03-04"
"e4c87cc6-cf66-11ee-891b-e00af6801390","Cynthie","Pitts","1979-04-01"
"e4c87cc7-cf66-11ee-9e71-e00af6801390","Doris","Marks","2001-01-04"
"e4c87cc8-cf66-11ee-9306-e00af6801390","Shaylyn","Gallagher","1984-07-12"
"e4c87cc9-cf66-11ee-83cf-e00af6801390","Bunny","Gomez","1991-01-06"
"e4c87cca-cf66-11ee-8f90-e00af6801390","Loreen","Jacobson","1959-06-16"
"e4c87ccb-cf66-11ee-80ac-e00af6801390","Laure","Stout","1974-05-12"
"e4c87ccc-cf66-11ee-8f45-e00af6801390","Lucienne","Delacruz","1977-07-11"
"e4c87ccd-cf66-11ee-8177-e00af6801390","Marne","Jordan","1964-07-20"
"e4c87cce-cf66-11ee-bc8b-e00af6801390","Faun","Gould","1962-03-02"
"e4c87ccf-cf66-11ee-a81a-e00af6801390","Analiese","Waller","2008-12-10"
"e4c87cd0-cf66-11ee-adbe-e00af6801390","Tabbie","Dillon","1977-01-28"
"e4c87cd1-cf66-11ee-ad69-e00af6801390","Polly","Bryant","1966-07-29"
"e4c87cd2-cf66-11ee-adb8-e00af6801390","Glynis","Pollard","1965-01-07"
"e4c87cd3-cf66-11ee-934d-e00af6801390","Nicki","Bentley","1986-05-19"
"e4c87cd4-cf66-11ee-968d-e00af6801390","Florida","Bond","2008-12-13"
"e4c87cd5-cf66-11ee-83e5-e00af6801390","Maryanne","Stokes","1959-06-11"
"e4c87cd6-cf66-11ee-93ef-e00af6801390","Vicki","Ballard","1982-09-01"
"e4c87cd7-cf66-11ee-8140-e00af6801390","Blaire","Villegas","1972-04-22"
"e4c87cd8-cf66-11ee-8f2f-e00af6801390","Charlean","Schmitt","1957-04-07"
"e4c87cd9-cf66-11ee-8b25-e00af6801390","Kellsie","Espinosa","1975-08-17"
"e4c87cda-cf66-11ee-b24a-e00af6801390","Priscella","Bates","1963-11-07"
